{"cameraMode":{"drawMode":0,"name":"Shaded","section":"Shading Mode"},"sceneLighting":true,"audioPlay":false,"sceneViewState":{"showFog":true,"showMaterialUpdate":false,"showSkybox":true,"showFlares":true,"showImageEffects":true,"showParticleSystems":true},"in2DMode":false,"pivot":{"x":-27.547897338867189,"y":-1.4555573463439942,"z":-13.41767406463623},"rotation":{"x":-0.2850583791732788,"y":-0.27065181732177737,"z":0.08426547050476074,"w":-0.9156479835510254},"size":10.020482063293457,"orthographic":false}