{"cameraMode":{"drawMode":0,"name":"Shaded","section":"Shading Mode"},"sceneLighting":true,"audioPlay":false,"sceneViewState":{"showFog":true,"showMaterialUpdate":false,"showSkybox":true,"showFlares":true,"showImageEffects":true,"showParticleSystems":true},"in2DMode":false,"pivot":{"x":179.02163696289063,"y":189.16195678710938,"z":-165.37767028808595},"rotation":{"x":0.3434281349182129,"y":0.17738644778728486,"z":-0.06622438132762909,"w":0.9198939204216003},"size":28.677034378051759,"orthographic":false}