{"cameraMode":{"drawMode":0,"name":"Shaded","section":"Shading Mode"},"sceneLighting":true,"audioPlay":false,"sceneViewState":{"showFog":true,"showMaterialUpdate":false,"showSkybox":true,"showFlares":true,"showImageEffects":true,"showParticleSystems":true},"in2DMode":false,"pivot":{"x":-25.028778076171876,"y":1.4736671447753907,"z":-22.175521850585939},"rotation":{"x":0.29641324281692507,"y":0.07153844088315964,"z":-0.022271297872066499,"w":0.9521169662475586},"size":7.109404563903809,"orthographic":false}